﻿<?xml version="1.0" encoding="utf-8"?>
<publishData>
  <publishProfile publishUrl="D:\临时文件夹\Web" deleteExistingFiles="True" ftpAnonymousLogin="False" ftpPassiveMode="True" msdeploySite="" msdeploySiteID="" msdeployRemoteSitePhysicalPath="" msdeployAllowUntrustedCertificate="False" msdeploySkipExtraFilesOnServer="True" msdeployMarkAsApp="False" profileName="配置文件1" publishMethod="FileSystem" replaceMatchingFiles="False" userName="" savePWD="False" userPWD="" SelectedForPublish="True">
    <file relUrl="bin/Solution.Web.Managers.pdb" publishTime="07/18/2014 11:22:50" />
    <file relUrl="bin/DotNet.Utilities.dll" publishTime="07/18/2014 11:22:48" />
    <file relUrl="WebManage/Systems/Security/ErrorLogList.aspx" publishTime="06/22/2014 22:49:34" />
    <file relUrl="Configs/log4net.config" publishTime="06/25/2014 10:53:18" />
    <file relUrl="WebManage/Systems/Powers/MenuInfoList.aspx" publishTime="07/01/2014 11:30:04" />
    <file relUrl="WebManage/Systems/Security/UseLogList.aspx" publishTime="06/22/2014 22:30:48" />
    <file relUrl="Global.asax" publishTime="03/13/2014 17:44:41" />
    <file relUrl="WebManage/Informations/InformationList.aspx" publishTime="07/10/2014 16:23:04" />
    <file relUrl="bin/SubSonic.Core.dll" publishTime="07/11/2014 10:56:40" />
    <file relUrl="bin/log4net.dll" publishTime="03/31/2013 14:33:55" />
    <file relUrl="WebManage/Systems/Set/UploadConfigEdit.aspx" publishTime="06/26/2014 17:08:23" />
    <file relUrl="WebManage/Employees/StaffTurnoverList.aspx" publishTime="06/29/2014 09:44:38" />
    <file relUrl="bin/SubSonic.Core.xml" publishTime="07/11/2014 10:56:40" />
    <file relUrl="WebManage/Systems/Powers/PositionEdit.aspx" publishTime="06/22/2014 13:45:00" />
    <file relUrl="WebManage/Systems/Powers/MenuInfoEdit.aspx" publishTime="06/29/2014 08:10:01" />
    <file relUrl="WebManage/Systems/Powers/PositionSelect.aspx" publishTime="07/03/2014 14:48:20" />
    <file relUrl="WebManage/Application/RemoteUpload.ashx" publishTime="07/02/2014 16:59:23" />
    <file relUrl="WebManage/Systems/Powers/BranchList.aspx" publishTime="07/01/2014 11:29:56" />
    <file relUrl="WebManage/Employees/ManagerList.aspx" publishTime="07/03/2014 17:35:23" />
    <file relUrl="WebManage/Systems/Powers/PositionList.aspx" publishTime="06/22/2014 21:35:41" />
    <file relUrl="WebManage/Advertisements/AdvertisingPositionEdit.aspx" publishTime="07/09/2014 17:22:15" />
    <file relUrl="WebManage/Login.aspx" publishTime="07/02/2014 22:43:53" />
    <file relUrl="WebManage/Systems/Set/WebConfigSet.aspx" publishTime="07/05/2014 10:26:34" />
    <file relUrl="WebManage/Systems/Powers/EmpowerIpList.aspx" publishTime="07/05/2014 15:23:27" />
    <file relUrl="bin/DotNet.Utilities.pdb" publishTime="07/18/2014 11:22:47" />
    <file relUrl="bin/MySql.Data.dll" publishTime="08/17/2013 08:27:01" />
    <file relUrl="WebManage/Systems/Set/UploadTypeList.aspx" publishTime="07/05/2014 10:41:46" />
    <file relUrl="bin/ICSharpCode.SharpZipLib.dll" publishTime="08/17/2013 08:27:01" />
    <file relUrl="WebManage/Systems/Set/UploadTypeEdit.aspx" publishTime="07/05/2014 10:40:40" />
    <file relUrl="bin/Solution.Logic.Managers.dll" publishTime="07/18/2014 11:22:49" />
    <file relUrl="bin/Castle.Core.dll" publishTime="08/01/2013 09:34:59" />
    <file relUrl="bin/SubSonic.Core.pdb" publishTime="07/11/2014 10:56:40" />
    <file relUrl="bin/Maticsoft.DBUtility.dll" publishTime="08/17/2013 08:27:01" />
    <file relUrl="bin/Solution.DataAccess.pdb" publishTime="07/18/2014 11:22:48" />
    <file relUrl="WebManage/Systems/Security/LoginLogList.aspx" publishTime="06/22/2014 22:30:36" />
    <file relUrl="WebManage/Systems/Powers/BranchEdit.aspx" publishTime="06/21/2014 21:47:24" />
    <file relUrl="bin/Newtonsoft.Json.dll" publishTime="08/01/2013 09:34:59" />
    <file relUrl="WebManage/Systems/Powers/PagePowerSignList.aspx" publishTime="06/21/2014 17:34:25" />
    <file relUrl="WebManage/Advertisements/AdvertisementList.aspx" publishTime="07/10/2014 11:06:43" />
    <file relUrl="WebManage/Main.aspx" publishTime="07/05/2014 10:05:42" />
    <file relUrl="bin/Solution.Web.Managers.dll" publishTime="07/18/2014 11:22:50" />
    <file relUrl="WebManage/Application/FileUpload.ashx" publishTime="07/02/2014 16:37:52" />
    <file relUrl="WebManage/Informations/InformationClassList.aspx" publishTime="07/01/2014 11:29:14" />
    <file relUrl="WebManage/Systems/Set/UploadConfigList.aspx" publishTime="06/27/2014 15:27:02" />
    <file relUrl="WebManage/Systems/Set/UploadFileList.aspx" publishTime="06/27/2014 16:01:43" />
    <file relUrl="WebManage/Systems/Security/OnlineUsersList.aspx" publishTime="06/23/2014 12:43:49" />
    <file relUrl="bin/Solution.Logic.Managers.pdb" publishTime="07/18/2014 11:22:49" />
    <file relUrl="WebManage/Informations/InformationEdit.aspx" publishTime="07/08/2014 16:26:47" />
    <file relUrl="WebManage/Application/Vcode.ashx" publishTime="06/04/2014 22:32:02" />
    <file relUrl="WebManage/Help/wannianli.htm" publishTime="05/10/2012 10:27:02" />
    <file relUrl="bin/DotNet.Utilities.xml" publishTime="07/18/2014 11:22:47" />
    <file relUrl="Web.config" publishTime="07/18/2014 11:22:51" />
    <file relUrl="bin/FineUI.dll" publishTime="06/12/2014 15:46:54" />
    <file relUrl="WebManage/Systems/Powers/EmpowerPhoneList.aspx" publishTime="07/05/2014 15:17:59" />
    <file relUrl="WebManage/Employees/ManagerEdit.aspx" publishTime="07/03/2014 15:12:42" />
    <file relUrl="WebManage/Advertisements/AdvertisementEdit.aspx" publishTime="07/10/2014 11:08:20" />
    <file relUrl="WebManage/Systems/Powers/PagePowerSignPublicEdit.aspx" publishTime="06/21/2014 11:01:59" />
    <file relUrl="WebManage/Systems/Powers/PagePowerSignPublicList.aspx" publishTime="07/05/2014 15:12:22" />
    <file relUrl="bin/Solution.DataAccess.dll" publishTime="07/18/2014 11:22:48" />
    <file relUrl="WebManage/Informations/InformationClassEdit.aspx" publishTime="07/08/2014 16:26:47" />
    <file relUrl="WebManage/Advertisements/AdvertisingPositionList.aspx" publishTime="07/09/2014 17:22:15" />
  </publishProfile>
</publishData>